id,date,type,title,duration_hours,bike_miles,run_miles,swim_yards,strength,source,status
"history:0","2026-05-18","Swim","Swim workout",0.6283,0,0,1531.1,1,"Notes","completed"
"history:1","2026-05-19","Bike","Bike workout",0.75,0,0,0,0,"Notes","completed"
"history:2","2026-05-23","Bike","Bike workout",0,0,0,0,0,"Notes","completed"
"history:3","2026-05-24","Run","Run workout",0.75,0,0,0,0,"Notes","completed"
"history:4","2026-05-24","Swim","Swim workout",0,0,0,984.2519685039371,0,"Notes","completed"
"history:5","2026-05-25","Swim","Swim workout",0,0,0,2023.1846019247594,0,"Notes","completed"
"history:6","2026-05-26","Bike","Bike workout",0.9075,14.8,0,0,0,"Notes","completed"
"history:7","2026-05-27","Run","Run workout",0.6666666666666666,0,0,0,0,"Notes","completed"
"history:8","2026-05-27","Swim","Swim workout",0.4,0,0,1312.3,0,"Notes","completed"
"history:9","2026-05-28","Bike","Bike workout",0.943,18.2,0,0,0,"Notes","completed"
"history:10","2026-05-29","Run","Run workout",0.5,0,2.727,0,1,"Notes","completed"
"history:11","2026-05-30","Bike","Bike workout",1.25,22,0,0,0,"Notes","completed"
"history:12","2026-05-30","Run","Run workout",0.1667,0,1,0,0,"Notes","completed"
"history:13","2026-05-31","Run","Run workout",0.6666666666666666,0,0,0,0,"Notes","completed"
"history:14","2026-05-31","Swim","Swim workout",0,0,0,1093.6,0,"Notes","completed"
"history:15","2026-06-01","Swim","Swim workout",0.5778,0,0,1749.8,0,"Notes","completed"
"history:16","2026-06-02","Bike","Bike workout",0.7667,0,0,0,0,"Notes","completed"
"history:17","2026-06-03","Run","Run workout",0.4167,0,0,0,0,"Notes","completed"
"history:18","2026-06-03","Swim","Swim workout",0,0,0,1531.058617672791,0,"Notes — scheduled workout inferred from COMPLETE","completed"
"history:19","2026-06-04","Bike","Bike workout",1.0833,21.4,0,0,0,"Notes","completed"
"history:20","2026-06-05","Run","Run workout",0.63,0,4.2,0,1,"Notes","completed"
"history:21","2026-06-06","Bike","Bike workout",3.0833,41,0,0,0,"Notes","completed"
"history:22","2026-06-06","Run","Run workout",0.2083,0,0,0,0,"Notes","completed"
"history:23","2026-06-07","Run","Run workout",1.0667,0,6.05,0,0,"Notes","completed"
"history:24","2026-06-08","Swim","Swim workout",0.5667,0,0,1749.8,0,"Notes","completed"
"history:25","2026-06-09","Bike","Bike workout",0.5833,12,0,0,0,"Notes","completed"
"history:26","2026-06-10","Run","Run workout",0.5333,0,3,0,0,"Notes","completed"
"history:27","2026-06-10","Swim","Swim workout",0,0,0,874.9,0,"Notes","completed"
"history:28","2026-06-11","Bike","Bike workout",1,20,0,0,0,"Notes","completed"
"history:29","2026-06-12","Run","Run workout",0.5833,0,0,0,1,"Notes","completed"
"history:30","2026-06-13","Bike","Bike workout",1.5,20.3,0,0,0,"Notes","completed"
"history:31","2026-06-13","Run","Run workout",0.25,0,1.815,0,0,"Notes","completed"
"history:32","2026-06-14","Run","Run workout",0.8333333333333334,0,5,0,0,"Notes","completed"
"history:33","2026-06-14","Swim","Swim workout",0,0,0,1232,0,"Notes","completed"
"history:34","2026-06-15","Swim","Swim workout",0.9,0,0,2405.9,1,"Notes","completed"
"history:35","2026-06-16","Bike","Bike workout",0.8333,0,0,0,0,"Notes","completed"
"history:36","2026-06-17","Run","Run workout",0.6551,0,4.28,0,0,"Notes","completed"
"history:37","2026-06-17","Swim","Swim workout",0,0,0,1367,0,"Notes","completed"
"history:38","2026-06-18","Bike","Bike workout",0.9167,16.2,0,0,0,"Notes","completed"
"history:39","2026-06-19","Run","Run workout",0.5833,0,0,0,1,"Notes","completed"
"history:40","2026-06-20","Bike","Bike workout",3,41,0,0,0,"Notes","completed"
"history:41","2026-06-20","Run","Run workout",0.3333333333333333,0,0,0,0,"Notes — scheduled workout inferred from COMPLETE","completed"
"history:42","2026-06-21","Run","Run workout",1.1333,0,8,0,0,"Notes","completed"
"history:43","2026-06-22","Swim","Swim workout",0.8128,0,0,2405.9,1,"Notes","completed"
"history:44","2026-06-23","Bike","Bike workout",0.9,17.3,0,0,0,"Notes","completed"
"history:45","2026-06-24","Run","Run workout",0,0,3,0,0,"Notes","completed"
"history:46","2026-06-24","Swim","Swim workout",0,0,0,1312.3,0,"Notes","completed"
"history:47","2026-06-25","Bike","Bike workout",1.5,26.05,0,0,0,"Notes","completed"
"history:48","2026-06-26","Run","Run workout",0.6506,0,5,0,1,"Notes","completed"
"history:49","2026-06-27","Bike","Bike workout",2.9,50.2,0,0,0,"Notes","completed"
"history:50","2026-06-27","Run","Run workout",0.1417,0,1,0,0,"Notes","completed"
"history:51","2026-06-28","Run","Run workout",1.4,0,9.02,0,0,"Notes","completed"
"history:52","2026-06-29","Swim","Swim workout",0,0,0,2734,1,"Notes","completed"
"history:53","2026-06-30","Bike","Bike workout",0.75,0,0,0,0,"Notes","completed"
"history:54","2026-07-01","Run","Run workout",0,0,3.107,0,0,"Notes","completed"
"history:55","2026-07-01","Swim","Swim workout",0,0,0,546.8,0,"Notes","completed"
"history:56","2026-07-02","Bike","Bike workout",1.25,22,0,0,0,"Notes","completed"
"history:57","2026-07-03","Run","Run workout",0,0,5,0,0,"Notes","completed"
"history:58","2026-07-04","Bike","Bike workout",2,30,0,0,0,"Notes","completed"
"history:59","2026-07-04","Run","Run workout",0.5,0,3.34,0,0,"Notes","completed"
"history:60","2026-07-05","Run","Run workout",1.5667,0,10.25,0,0,"Notes","completed"
"history:61","2026-07-10","Run","Run workout",0.5169,0,3.15,0,0,"TrainingPeaks","completed"
"history:62","2026-07-11","Bike","Bike workout",2.0622,17.698,0,0,0,"TrainingPeaks","completed"
"history:63","2026-07-11","Run","Run workout",0.3333,0,2.312,0,0,"TrainingPeaks","completed"
"history:64","2026-07-12","Run","Run workout",1.4218,0,9.823,0,0,"TrainingPeaks","completed"
"history:65","2026-07-12","Swim","Swim workout",0.3854,0,0,1394.4,0,"TrainingPeaks","completed"
"history:66","2026-07-14","Run","Run workout",0.6081,0,3.998,0,0,"TrainingPeaks","completed"
"history:67","2026-07-14","Run","Run workout",0.1468,0,0.875,0,0,"TrainingPeaks","completed"
"history:68","2026-07-14","Swim","Swim workout",0.4616,0,0,1155,0,"TrainingPeaks","completed"
"history:69","2026-07-15","Bike","Bike workout",1,17.364,0,0,0,"TrainingPeaks","completed"
"history:70","2026-07-15","Swim","Swim workout",0.3807,0,0,1028.2,0,"TrainingPeaks","completed"
"history:71","2026-07-16","Run","Run workout",0.6667,0,4.627,0,0,"TrainingPeaks","completed"
"history:72","2026-07-17","Bike","Bike workout",0.75,14.152,0,0,0,"TrainingPeaks","completed"
"history:73","2026-07-18","Run","Run workout",1.5164,0,9.506,0,0,"TrainingPeaks","completed"
"history:74","2026-07-18","Swim","Swim workout",0.6432,0,0,1601.5,0,"TrainingPeaks","completed"
"history:75","2026-07-19","Bike","Bike workout",1.5,0,0,0,0,"TrainingPeaks","completed"
"history:76","2026-07-20","Run","Run workout",0.5233,0,3.368,0,0,"TrainingPeaks","completed"
"history:77","2026-07-21","Swim","Swim workout",0.3517,0,0,1093.6,0,"TrainingPeaks","completed"
"history:78","2026-07-21","Swim","Swim workout",0.0317,0,0,109.4,0,"TrainingPeaks","completed"
"history:79","2026-07-22","Run","Run workout",0.8006,0,5.545,0,0,"TrainingPeaks","completed"
"history:80","2026-07-23","Bike","Bike workout",1.3811,20.123,0,0,0,"TrainingPeaks","completed"
"history:81","2026-07-23","Bike","Bike workout",1.2517,17.284,0,0,0,"TrainingPeaks","completed"
"history:82","2026-07-24","Swim","Swim workout",0.8489,0,0,2500,0,"TrainingPeaks","completed"
"history:83","2026-07-25","Bike","Bike workout",4.1663,56.13,0,0,0,"TrainingPeaks","completed"
"history:84","2026-07-26","Run","Run workout",0.8104,0,5.012,0,0,"TrainingPeaks","completed"
"history:85","2026-07-26","Run","Run workout",0.6447,0,3.861,0,0,"TrainingPeaks","completed"
"history:86","2026-07-27","Run","Run workout",0.5205,0,3.01,0,0,"TrainingPeaks","completed"
"history:87","2026-07-27","Swim","Swim workout",0.5545,0,0,1875,0,"TrainingPeaks","completed"
"history:88","2026-07-28","Bike","Bike workout",1.3778,24.656,0,0,0,"TrainingPeaks","completed"
"history:89","2026-07-28","Bike","Bike workout",1.3715,24.36,0,0,0,"TrainingPeaks","completed"
"history:90","2026-07-29","Run","Run workout",0.3327,0,1.867,0,0,"TrainingPeaks","completed"
"history:91","2026-07-29","Swim","Swim workout",0.5056,0,0,2100,0,"TrainingPeaks","completed"
"history:92","2026-07-30","Bike","Bike workout",1.0044,15.942,0,0,0,"TrainingPeaks","completed"
"history:93","2026-07-30","Bike","Bike workout",0.9654,20.693,0,0,0,"TrainingPeaks","completed"
"history:94","2026-08-01","Run","Run workout",0.3628,0,3.095,0,0,"TrainingPeaks","completed"
"history:95","2026-08-01","Run","Run workout",0.1686,0,1.019,0,0,"TrainingPeaks","completed"
"history:96","2026-08-02","Run","Run workout",0.3333,0,2.214,0,0,"TrainingPeaks","completed"
"history:97","2026-08-03","Bike","Bike workout",1.2064,20.994,0,0,0,"TrainingPeaks","completed"
"history:98","2026-08-03","Run","Run workout",0.2497,0,1.5,0,0,"TrainingPeaks","completed"
"history:99","2026-08-04","Run","Run workout",0.912,0,6,0,0,"TrainingPeaks","completed"
"history:100","2026-08-04","Swim","Swim workout",1.0833,0,0,2500,0,"TrainingPeaks","completed"
"history:101","2026-08-05","Run","Run workout",0.357,0,2.248,0,0,"TrainingPeaks","completed"
"history:102","2026-08-06","Bike","Bike workout",1.2217,19.5,0,0,0,"TrainingPeaks","completed"
"history:103","2026-08-06","Bike","Bike workout",1.4713,17.064,0,0,0,"TrainingPeaks","completed"
"history:104","2026-08-07","Run","Run workout",0.3344,0,2.074,0,0,"TrainingPeaks","completed"
"history:105","2026-08-08","Bike","Bike workout",2.9077,41.985,0,0,0,"TrainingPeaks","completed"
"history:106","2026-08-08","Run","Run workout",0.0365,0,0.212,0,0,"TrainingPeaks","completed"
"history:107","2026-08-08","Run","Run workout",0.0708,0,0.482,0,0,"TrainingPeaks","completed"
"history:108","2026-08-09","Run","Run workout",1.508,0,10.011,0,0,"TrainingPeaks","completed"
"history:109","2026-08-10","Bike","Bike workout",1.2211,19.78,0,0,0,"TrainingPeaks","completed"
"history:110","2026-08-10","Swim","Swim workout",0.6579,0,0,2400,0,"TrainingPeaks","completed"
"history:111","2026-08-11","Run","Run workout",1.0005,0,6.43,0,0,"TrainingPeaks","completed"
"history:112","2026-08-13","Run","Run workout",0.5042,0,3.499,0,0,"TrainingPeaks","completed"
"history:113","2026-08-15","Bike","Bike workout",3.4047,62.354,0,0,0,"TrainingPeaks","completed"
"history:114","2026-08-15","Run","Run workout",0.6667,0,4.551,0,0,"TrainingPeaks","completed"
"history:115","2026-08-16","Swim","Swim workout",0.727,0,0,2300,0,"TrainingPeaks","completed"
"history:116","2026-08-17","Swim","Swim workout",0.5,0,0,1600,0,"TrainingPeaks","completed"
"history:117","2026-08-18","Bike","Bike workout",1,20,0,0,0,"TrainingPeaks","completed"
"history:118","2026-08-19","Run","Run workout",0.75,0,5.183,0,0,"TrainingPeaks","completed"
"history:119","2026-08-20","Run","Run workout",0.3463,0,2.568,0,0,"TrainingPeaks","completed"
"history:120","2026-08-20","Swim","Swim workout",0.6851,0,0,2300,0,"TrainingPeaks","completed"
"history:121","2026-08-21","Bike","Bike workout",0.75,14.693,0,0,0,"TrainingPeaks","completed"
"history:122","2026-08-22","Run","Run workout",1.5628,0,10.503,0,0,"TrainingPeaks","completed"
"history:123","2026-08-23","Bike","Bike workout",2.7184,48.293,0,0,0,"TrainingPeaks","completed"
"history:124","2026-08-24","Run","Run workout",0.5002,0,3.003,0,0,"TrainingPeaks","completed"
"history:125","2026-08-24","Swim","Swim workout",0.5833,0,0,1950,0,"TrainingPeaks","completed"
"history:126","2026-08-24","Swim","Swim workout",0.3973,0,0,1425,0,"TrainingPeaks","completed"
"history:127","2026-08-25","Bike","Bike workout",1.4616,30.19,0,0,0,"TrainingPeaks","completed"
"history:128","2026-08-25","Bike","Bike workout",1.4275,20.481,0,0,0,"TrainingPeaks","completed"
"history:129","2026-08-25","Run","Run workout",0.3382,0,2.213,0,0,"TrainingPeaks","completed"
"history:130","2026-08-26","Swim","Swim workout",0.6233,0,0,2200,0,"TrainingPeaks","completed"
"history:131","2026-08-27","Bike","Bike workout",0.7547,9.714,0,0,0,"TrainingPeaks","completed"
"history:132","2026-08-27","Run","Run workout",1.1684,0,8.474,0,0,"TrainingPeaks","completed"
"history:133","2026-08-28","Swim","Swim workout",0.8538,0,0,3000,0,"TrainingPeaks","completed"
"history:134","2026-08-29","Bike","Bike workout",3.0231,42.681,0,0,0,"TrainingPeaks","completed"
"history:135","2026-08-30","Run","Run workout",1.4623,0,10.5,0,0,"TrainingPeaks","completed"
"history:136","2026-08-31","Swim","Swim workout",0.3947,0,0,1600,0,"TrainingPeaks","completed"
"history:137","2026-09-01","Bike","Bike workout",1.4308,21.551,0,0,0,"TrainingPeaks","completed"
"history:138","2026-09-02","Run","Run workout",0.3421,0,2.434,0,0,"TrainingPeaks","completed"
"history:139","2026-09-02","Swim","Swim workout",0.703,0,0,2600,0,"TrainingPeaks","completed"
"history:140","2026-09-03","Bike","Bike workout",0.7619,12.059,0,0,0,"TrainingPeaks","completed"
"history:141","2026-09-03","Run","Run workout",1.0007,0,7.158,0,0,"TrainingPeaks","completed"
"history:142","2026-09-04","Swim","Swim workout",0.8388,0,0,3000,0,"TrainingPeaks","completed"
"history:143","2026-09-05","Bike","Bike workout",1.97,33.08,0,0,0,"TrainingPeaks","completed"
"history:144","2026-09-05","Run","Run workout",0.3333,0,2.571,0,0,"TrainingPeaks","completed"
"history:145","2026-09-06","Run","Run workout",1,0,6.84,0,0,"TrainingPeaks","completed"
"history:146","2026-09-07","Run","Run workout",0.5,0,0,0,0,"TrainingPeaks","completed"
"history:147","2026-09-07","Swim","Swim workout",0.5949,0,0,2000,0,"TrainingPeaks","completed"
"history:148","2026-09-08","Bike","Bike workout",0.9369,12.284,0,0,0,"TrainingPeaks","completed"
"history:149","2026-09-09","Run","Run workout",0.75,0,5.387,0,0,"TrainingPeaks","completed"
"history:150","2026-09-10","Bike","Bike workout",0.8092,11.013,0,0,0,"TrainingPeaks","completed"
"history:151","2026-09-10","Swim","Swim workout",0.6991,0,0,2400,0,"TrainingPeaks","completed"
"history:152","2026-09-13","Race","IRONMAN 70.3 Santa Cruz",5.493055555555555,55.97,13.15,2241,0,"Race day","completed"
"history:153","2026-09-20","Bike","Bike workout",1.4588,18.907,0,0,0,"TCX","completed"
